name,mass (kg),volume (km3)
Earth,5.972168e24,1.08321e12
Moon,7.342e22,2.1958e10
Saturn,5.6834e26,8.2713e14
Jupiter,1.8982e27,1.4313e15
Mars,6.4171e23,1.63118e11
Venus,4.8675e24,9.2843e11

